"Term","MatchType","Status","AdGroup","Clicks","Impr","Cost","ConvValue","Conv"
"avoir des abonnés instagram","Mot clé exact (variante proche)","Aucun","Instagram","0","3","0","0","0"
"freer es followers","Requête large","Aucun","Tiktok","0","2","0","0","0"
"abo insta","Expression exacte (variante proche)","Aucun","Instagram","1","7","0,43","1","1"
"bot vue tiktok gratuit","Requête large","Aucun","Tiktok","2","14","0,95","0","0"
"achat abonnés tiktok pas cher","Mot clé exact (variante proche)","Aucun","Tiktok","2","6","1,19","0","0"
"gagner des follower instagram gratuit","Expression exacte (variante proche)","Aucun","Instagram","1","1","1,02","0","0"
"comment avoir des abonnés sur instagram","Mot clé exact (variante proche)","Aucun","Instagram","0","6","0","0","0"
"business tiktok","Expression exacte (variante proche)","Aucun","Tiktok","0","2","0","0","0"
"groupe followers instagram","Expression exacte (variante proche)","Aucun","Instagram","0","1","0","0","0"
"avoir faux abonnés instagram","Expression exacte (variante proche)","Aucun","Instagram","1","1","1,05","0","0"
"tiktok followers","Expression exacte (variante proche)","Aucun","Tiktok","0","1","0","0","0"
"tikviral com","Expression exacte (variante proche)","Aucun","Tiktok","0","1","0","0","0"
"abonnes tiktok gratuit","Requête large","Aucun","Tiktok","1","2","0,7","0","0"
"achat followers tiktok pas cher","Expression exacte","Aucun","Tiktok","0","2","0","0","0"
"visibilité tiktok","Expression exacte (variante proche)","Aucun","Tiktok","0","2","0","0","0"
"promotion tiktok","Mot clé exact (variante proche)","Aucun","Tiktok","0","1","0","0","0"
"acheter compte tiktok 10k abonnés","Expression exacte","Aucun","Tiktok","3","7","2,71","0","0"
"followers pas cher tiktok","Mot clé exact","Ajouté","Tiktok","0","3","0","0","0"
"booster un tiktok","Requête large","Aucun","Tiktok","0","1","0","0","0"
"achat abonne instagram","Mot clé exact (variante proche)","Aucun","Instagram","1","1","1,23","0","0"
"achat followers tiktok","Mot clé exact","Ajouté","Tiktok","1","21","1,88","8,99","1"
"abonnes instagram pas cher","Mot clé exact (variante proche)","Aucun","Instagram","0","1","0","0","0"
"zefoy followers tiktok gratuit","Requête large","Aucun","Tiktok","0","1","0","0","0"
"promotion video tiktok","Expression exacte (variante proche)","Aucun","Tiktok","0","1","0","0","0"
"follow 4 follow instagram","Expression exacte (variante proche)","Aucun","Instagram","0","2","0","0","0"
"followers pour instagram","Expression exacte (variante proche)","Aucun","Instagram","0","1","0","0","0"
"acheter des followers sur tiktok","Mot clé exact (variante proche)","Aucun","Tiktok","0","2","0","0","0"
"followers boost","Expression exacte (variante proche)","Aucun","Instagram","0","1","0","0","0"
"application pour gagner des abonnés sur tiktok gratuit","Requête large","Aucun","Tiktok","2","5","1,14","0","0"
"booster tiktok payant","Mot clé exact (variante proche)","Aucun","Tiktok","0","1","0","0","0"
"abonner tiktok","Expression exacte (variante proche)","Aucun","Tiktok","0","2","0","0","0"
"acheter des abonnés tik tok gratuit","Expression exacte","Aucun","Tiktok","3","17","2,08","0","0"
"acheter abo tiktok","Mot clé exact (variante proche)","Aucun","Tiktok","0","3","0","0","0"
"abonnés instagram achat","Mot clé exact (variante proche)","Aucun","Instagram","0","17","0","0","0"
"followers tiktok pas cher","Requête large","Aucun","Tiktok","0","1","0","0","0"
"boost tiktok gratuit","Requête large","Aucun","Tiktok","1","1","0,61","0","0"
"mr insta","Expression exacte (variante proche)","Aucun","Instagram","0","2","0","0","0"
"acheter abonnes tiktok","Mot clé exact (variante proche)","Aucun","Tiktok","2","6","6,51","89,98","2"
"augmenter instagram","Mot clé exact (variante proche)","Aucun","Instagram","0","1","0","0","0"
"tiktok live studio","Requête large","Aucun","Tiktok","0","1","0","0","0"
"developper son audience instagram","Mot clé exact (variante proche)","Aucun","Instagram","0","1","0","0","0"
"booster instagram gratuit","Expression exacte (variante proche)","Aucun","Instagram","0","1","0","0","0"
"100 abonnés instagram","Expression exacte (variante proche)","Aucun","Instagram","0","1","0","0","0"
"tiktok boost views","Requête large","Aucun","Tiktok","0","1","0","0","0"
"top followers avis","Expression exacte (variante proche)","Aucun","Instagram","0","1","0","0","0"
"comment acheter des abonnés instagram","Mot clé exact (variante proche)","Aucun","Instagram","1","1","5,45","0","0"
"site pour gagner des abonnés sur tiktok gratuit","Requête large","Aucun","Tiktok","3","9","1,81","0,02","0,02"
"comment faire de la pub sur tiktok","Expression exacte (variante proche)","Aucun","Tiktok","0","2","0","0","0"
"acheter des followers instagram","Mot clé exact","Ajouté","Instagram","2","12","2,54","60,99","2"
"booster video tiktok","Requête large","Aucun","Tiktok","0","1","0","0","0"
"compte tiktok 10k","Requête large","Aucun","Tiktok","0","2","0","0","0"
"followers tiktok","Requête large","Aucun","Tiktok","1","10","0,47","0","0"
"booster follower instagram","Mot clé exact (variante proche)","Aucun","Instagram","0","1","0","0","0"
"acheter abonnés tiktok pas cher","Mot clé exact","Ajouté","Tiktok","0","3","0","0","0"
"tik star","Requête large","Aucun","Tiktok","0","1","0","0","0"
"followers tiktok acheter","Mot clé exact (variante proche)","Aucun","Tiktok","0","2","0","0","0"
"achat abonnés tiktok fiable","Mot clé exact (variante proche)","Aucun","Tiktok","1","9","2,15","0","0"
"achat followers instagram meilleur site","Mot clé exact (variante proche)","Aucun","Instagram","0","2","0","0","0"
"c est quoi une agence tiktok","Expression exacte (variante proche)","Aucun","Tiktok","0","1","0","0","0"
"acheter des abonnes insta","Mot clé exact (variante proche)","Aucun","Instagram","0","1","0","0","0"
"buy tiktok followers","Mot clé exact (variante proche)","Aucun","Tiktok","2","3","10,12","1","1"
"buy instagram follow","Mot clé exact (variante proche)","Aucun","Instagram","0","1","0","0","0"
"avoir plus d abonnés sur instagram","Mot clé exact (variante proche)","Aucun","Instagram","0","2","0","0","0"
"fire like tik tok","Expression exacte (variante proche)","Aucun","Tiktok","0","1","0","0","0"
"comment augmenter ses followers sur instagram","Mot clé exact (variante proche)","Aucun","Instagram","0","1","0","0","0"
"10 abonnés tiktok gratuit","Requête large","Aucun","Tiktok","0","3","0","0","0"
"booster tiktok gratuit","Requête large","Aucun","Tiktok","1","3","0,7","0","0"
"comment acheter des abonnes tiktok","Mot clé exact (variante proche)","Aucun","Tiktok","0","1","0","0","0"
"tiktok video viral website","Requête large","Aucun","Tiktok","0","2","0","0","0"
"vu tiktok","Requête large","Aucun","Tiktok","0","4","0","0","0"
"propulse instagram avis","Expression exacte (variante proche)","Aucun","Instagram","0","1","0","0","0"
"meilleur agence tiktok","Expression exacte (variante proche)","Aucun","Tiktok","0","3","0","0","0"
"acheter likes tiktok","Requête large","Aucun","Tiktok","0","1","0","0","0"
"buy 1k followers tiktok","Expression exacte (variante proche)","Aucun","Tiktok","0","1","0","0","0"
"booster ses vues tiktok","Requête large","Aucun","Tiktok","0","1","0","0","0"
"acheter des abonnés tiktok","Requête large","Ajouté","Tiktok","0","2","0","0","0"
"instalike","Expression exacte (variante proche)","Aucun","Instagram","0","1","0","0","0"
"tik tok view","Requête large","Aucun","Tiktok","3","3","1,37","0","0"
"booster vues tiktok","Expression exacte (variante proche)","Exclu","Tiktok","0","1","0","0","0"
"gagner followers instagram","Mot clé exact (variante proche)","Aucun","Instagram","0","1","0","0","0"
"buyfollowers","Expression exacte (variante proche)","Aucun","Instagram","0","1","0","0","0"
"avoir des abonnés instagram gratuit","Expression exacte (variante proche)","Aucun","Instagram","0","1","0","0","0"
"tiktok ads library","Expression exacte (variante proche)","Aucun","Tiktok","0","1","0","0","0"
"manychat tiktok","Expression exacte (variante proche)","Aucun","Tiktok","0","2","0","0","0"
"getafollowers","Expression exacte (variante proche)","Aucun","Instagram","0","1","0","0","0"
"abonnés tiktok acheter","Mot clé exact","Ajouté","Tiktok","0","4","0","0","0"
"follower instagram","Mot clé exact (variante proche)","Aucun","Instagram","0","1","0","0","0"
"comment acheter des followers sur tiktok","Mot clé exact (variante proche)","Aucun","Tiktok","0","2","0","0","0"
"tikboost abonnés tiktok fyp","Mot clé exact","Ajouté","Tiktok","5","35","3,61","11,97","3,98"
"followers boost fr","Expression exacte (variante proche)","Aucun","Instagram","0","2","0","0","0"
"buy tiktok 1000 followers","Expression exacte (variante proche)","Aucun","Tiktok","0","1","0","0","0"
"top followers fr","Expression exacte (variante proche)","Aucun","Instagram","0","1","0","0","0"
"generateur abonnés insta","Mot clé exact (variante proche)","Aucun","Instagram","0","1","0","0","0"
"tiktok like boost","Requête large","Aucun","Tiktok","0","1","0","0","0"
"acheter followers instagram reel","Mot clé exact (variante proche)","Aucun","Instagram","0","3","0","0","0"
"acheter compte tiktok monétiser","Requête large","Aucun","Tiktok","0","2","0","0","0"
"abonnés tiktok","Expression exacte (variante proche)","Aucun","Tiktok","0","5","0","0","0"
"business tiktok ai","Expression exacte (variante proche)","Aucun","Tiktok","0","1","0","0","0"
"how to get 1000 followers on tiktok in 1 minute for free","Requête large","Aucun","Tiktok","0","1","0","0","0"
"top follow tiktok","Requête large","Aucun","Tiktok","0","4","0","0","0"
"acheter follower tiktok","Mot clé exact (variante proche)","Aucun","Tiktok","2","13","6","3,99","1"
"bot abonné tiktok","Requête large","Aucun","Tiktok","0","1","0","0","0"
"bot tiktok","Requête large","Aucun","Tiktok","1","1","0,68","0","0"
"freer es followers tiktok","Requête large","Aucun","Tiktok","0","1","0","0","0"
"followersup","Expression exacte (variante proche)","Aucun","Instagram","1","3","0,7","1","1"
"free follower instagram gratuit","Expression exacte (variante proche)","Aucun","Instagram","1","1","0,67","1","1"
"abonnés instagram pas cher","Expression exacte (variante proche)","Ajouté","Instagram","0","1","0","0","0"
"tiktok cheap followers","Expression exacte (variante proche)","Aucun","Tiktok","0","1","0","0","0"
"abonné tiktok gratuit","Requête large","Exclu","Tiktok","0","4","0","0","0"
"acheter abonnés instagram","Mot clé exact","Ajouté","Instagram","1","5","1,22","0","0"
"how to get more views on tiktok without paying","Requête large","Exclu","Tiktok","0","1","0","0","0"
"tokmatik","Expression exacte (variante proche)","Aucun","Tiktok","0","1","0","0","0"
"comment gagner des follower sur instagram","Mot clé exact (variante proche)","Aucun","Instagram","0","2","0","0","0"
"acheter abo insta","Mot clé exact (variante proche)","Aucun","Instagram","0","1","0","0","0"
"comment acheter des followers instagram","Mot clé exact (variante proche)","Aucun","Instagram","0","1","0","0","0"
"social boosting tiktok","Expression exacte (variante proche)","Aucun","Tiktok","1","1","1,14","0","0"
"achat follow tiktok","Mot clé exact (variante proche)","Aucun","Tiktok","0","4","0","0","0"
"tiktok video viral website free","Requête large","Aucun","Tiktok","0","1","0","0","0"
"achat de followers avis","Expression exacte (variante proche)","Aucun","Instagram","0","1","0","0","0"
"follower tik tok","Mot clé exact (variante proche)","Aucun","Tiktok","0","1","0","0","0"
"achat instagram followers","Mot clé exact (variante proche)","Aucun","Instagram","0","1","0","0","0"
"plus d abonnés instagram","Mot clé exact (variante proche)","Aucun","Instagram","0","3","0","0","0"
"tiktok followers","Mot clé exact (variante proche)","Aucun","Tiktok","1","11","3,17","0","0"
"followers tiktok pas cher","Mot clé exact (variante proche)","Aucun","Tiktok","1","9","0,68","0","0"
"tokupgrade","Requête large","Aucun","Tiktok","1","2","0,46","0","0"
"followers insta","Expression exacte (variante proche)","Aucun","Instagram","1","1","0,96","0,5","0,5"
"tiktok boost followers gratuit","Expression exacte (variante proche)","Aucun","Tiktok","0","1","0","0","0"
"acheter des abonnés sur tiktok","Mot clé exact","Ajouté","Tiktok","0","1","0","0","0"
"tiktokfollowers co","Expression exacte (variante proche)","Aucun","Tiktok","0","1","0","0","0"
"affiliate center tiktok","Expression exacte (variante proche)","Aucun","Tiktok","0","1","0","0","0"
"tikview site","Requête large","Aucun","Tiktok","0","1","0","0","0"
"produits tendance tiktok","Requête large","Aucun","Tiktok","0","1","0","0","0"
"acheter des abonnés tiktok avis","Expression exacte","Aucun","Tiktok","0","2","0","0","0"
"acheter des abonnes sur instagram","Mot clé exact (variante proche)","Aucun","Instagram","0","1","0","0","0"
"achat vu tiktok","Requête large","Aucun","Tiktok","1","2","0,43","0","0"
"comment acheter des abonnes instagram","Mot clé exact (variante proche)","Aucun","Instagram","0","1","0","0","0"
"followers insta gratuit","Expression exacte (variante proche)","Aucun","Instagram","0","2","0","0","0"
"booster compte instagram","Mot clé exact (variante proche)","Aucun","Instagram","0","1","0","0","0"
"tiktok social listening","Expression exacte (variante proche)","Aucun","Tiktok","0","1","0","0","0"
"generateur de followers instagram","Mot clé exact (variante proche)","Aucun","Instagram","0","1","0","0","0"
"pathsocial","Expression exacte (variante proche)","Aucun","Instagram","0","1","0","0","0"
"100 abonnés tiktok","Expression exacte (variante proche)","Aucun","Tiktok","0","1","0","0","0"
"followers for tiktok","Expression exacte (variante proche)","Aucun","Tiktok","0","2","0","0","0"
"acheter vue live tiktok","Requête large","Aucun","Tiktok","0","1","0","0","0"
"instagram boost followers","Mot clé exact (variante proche)","Aucun","Instagram","0","1","0","0","0"
"free views tiktok","Requête large","Aucun","Tiktok","0","1","0","0","0"
"boost follower instagram","Mot clé exact","Ajouté","Instagram","2","5","2,09","2","2"
"tiktok followers buy","Expression exacte (variante proche)","Aucun","Tiktok","1","1","1,21","0","0"
"site pour gagner des abonnés sur instagram gratuit","Expression exacte (variante proche)","Aucun","Instagram","0","3","0","0","0"
"booster mon instagram","Mot clé exact (variante proche)","Aucun","Instagram","0","1","0","0","0"
"mkt tikpro","Expression exacte (variante proche)","Aucun","Tiktok","0","1","0","0","0"
"acheter commentaire tiktok","Requête large","Aucun","Tiktok","0","1","0","0","0"
"tiktok business","Expression exacte (variante proche)","Aucun","Tiktok","0","1","0","0","0"
"followers boost tiktok","Expression exacte (variante proche)","Aucun","Tiktok","1","1","0,48","0","0"
"anotherfollower","Expression exacte (variante proche)","Aucun","Instagram","0","9","0","0","0"
"follower instagram gratuit","Expression exacte (variante proche)","Aucun","Instagram","1","7","0,48","1","1"
"acheter des abonnés insta","Mot clé exact (variante proche)","Aucun","Instagram","0","2","0","0","0"
"acheter abonne instagram","Mot clé exact (variante proche)","Aucun","Instagram","1","1","2,19","0","0"
"achat abonnés instagram gratuit","Expression exacte","Aucun","Instagram","5","15","2,86","2,98","3"
"acheter abonnes insta","Mot clé exact (variante proche)","Aucun","Instagram","0","1","0","0","0"
"pubtok","Expression exacte (variante proche)","Aucun","Tiktok","0","1","0","0","0"
"follower tiktok","Requête large","Aucun","Tiktok","0","5","0","0","0"
"follower tik tok","Requête large","Aucun","Tiktok","0","1","0","0","0"
"echange abonnés instagram","Expression exacte (variante proche)","Aucun","Instagram","1","1","1,13","1,5","1,5"
"achat followers tiktok avis","Requête large","Aucun","Tiktok","0","1","0","0","0"
"achat abonnés tiktok français","Mot clé exact (variante proche)","Aucun","Tiktok","1","5","1,63","0","0"
"boost vu tiktok","Requête large","Aucun","Tiktok","2","2","1,15","0","0"
"abonnés instagram 1 €","Expression exacte (variante proche)","Aucun","Instagram","0","3","0","0","0"
"classement agence tiktok france","Expression exacte (variante proche)","Aucun","Tiktok","0","1","0","0","0"
"instazero","Expression exacte (variante proche)","Aucun","Instagram","0","1","0","0","0"
"tiktok followers gratuit","Requête large","Aucun","Tiktok","1","2","0,46","0","0"
"acheter des abonnés tiktok pas cher","Mot clé exact (variante proche)","Aucun","Tiktok","2","1","0,69","0","0"
"abonnés instagram pas cher","Mot clé exact (variante proche)","Ajouté","Instagram","0","1","0","0","0"
"compte tiktok 10k acheter","Expression exacte (variante proche)","Aucun","Tiktok","1","2","0,51","0","0"
"followers for tiktok","Mot clé exact (variante proche)","Aucun","Tiktok","0","1","0","0","0"
"tikboost abonnés tiktok fyp","Expression exacte (variante proche)","Ajouté","Tiktok","2","4","0,86","8,99","1"
"achat followers instagram meilleur site","Expression exacte","Aucun","Instagram","1","2","1,94","0","0"
"acheter abonnés tiktok français","Requête large","Aucun","Tiktok","0","1","0","0","0"
"meilleur site achat followers instagram","Expression exacte (variante proche)","Aucun","Instagram","0","3","0","0","0"
"1k followers instagram gratuit","Expression exacte (variante proche)","Aucun","Instagram","1","3","0,97","1","1"
"boost instagram free","Expression exacte (variante proche)","Aucun","Instagram","0","1","0","0","0"
"site pour acheter des abonnés tik tok","Mot clé exact (variante proche)","Aucun","Tiktok","0","1","0","0","0"
"meilleur agence tiktok live","Expression exacte (variante proche)","Aucun","Tiktok","0","2","0","0","0"
"booster compte tiktok","Requête large","Aucun","Tiktok","0","1","0","0","0"
"abonné insta gratuit","Expression exacte (variante proche)","Aucun","Instagram","0","1","0","0","0"
"pubtok","Requête large","Aucun","Tiktok","0","2","0","0","0"
"acheter followers threads","Expression exacte (variante proche)","Aucun","Instagram","0","1","0","0","0"
"tiktok unlimited followers","Requête large","Aucun","Tiktok","1","1","0,66","0","0"
"plus d abonnés sur instagram","Mot clé exact (variante proche)","Aucun","Instagram","0","1","0","0","0"
"acheter followers francais instagram","Expression exacte","Aucun","Instagram","0","1","0","0","0"
"tikviral","Expression exacte (variante proche)","Aucun","Tiktok","0","1","0","0","0"
"tiktok counter","Requête large","Aucun","Tiktok","0","2","0","0","0"
"combien coute une pub tiktok","Expression exacte (variante proche)","Aucun","Tiktok","0","1","0","0","0"
"followers instagram pas cher","Expression exacte (variante proche)","Aucun","Instagram","1","3","1,79","0","0"
"booster instagram","Mot clé exact (variante proche)","Aucun","Instagram","2","7","3,81","0","0"
"application pour booster tiktok gratuit","Requête large","Aucun","Tiktok","1","5","0,44","0","0"
"abonnés tiktok pas cher","Requête large","Aucun","Tiktok","0","3","0","0","0"
"spark ads tiktok","Expression exacte (variante proche)","Aucun","Tiktok","0","2","0","0","0"
"follower tiktok pas cher","Mot clé exact","Ajouté","Tiktok","1","5","0,92","3,49","2"
"acheter 1000 followers instagram","Expression exacte","Aucun","Instagram","0","2","0","0","0"
"boost vues tiktok","Requête large","Aucun","Tiktok","0","1","0","0","0"
"achat abonnés tiktok français","Requête large","Aucun","Tiktok","0","1","0","0","0"
"calculateur taux d engagement tiktok","Expression exacte (variante proche)","Aucun","Tiktok","0","1","0","0","0"
"booster like tiktok","Requête large","Aucun","Tiktok","0","2","0","0","0"
"followers instagram gratuit","Expression exacte (variante proche)","Aucun","Instagram","1","5","1,12","1","1"
"follower tiktok","Mot clé exact (variante proche)","Aucun","Tiktok","2","50","1,49","0","0"
"acheter des followers sur instagram","Mot clé exact (variante proche)","Aucun","Instagram","0","1","0","0","0"
"acheter des abonnés francais instagram","Expression exacte","Aucun","Instagram","0","1","0","0","0"
"gagner des follower instagram","Mot clé exact (variante proche)","Aucun","Instagram","0","1","0","0","0"
"generateur d abonnés tiktok","Mot clé exact (variante proche)","Aucun","Tiktok","0","1","0","0","0"
"site pour gagner des followers instagram","Mot clé exact (variante proche)","Aucun","Instagram","0","1","0","0","0"
"acheter abonnés instagram gratuit","Expression exacte","Aucun","Instagram","0","1","0","0","0"
"comment acheter des abonnes sur insta","Mot clé exact (variante proche)","Aucun","Instagram","0","2","0","0","0"
"booster followers instagram","Mot clé exact (variante proche)","Aucun","Instagram","0","5","0","0","0"
"prix abonnés instagram","Expression exacte (variante proche)","Aucun","Instagram","0","1","0","0","0"
"boost follow tiktok","Expression exacte (variante proche)","Aucun","Tiktok","0","1","0","0","0"
"achat abonnés tiktok fiable","Requête large","Aucun","Tiktok","0","1","0","0","0"
"tiktokads","Mot clé exact (variante proche)","Aucun","Tiktok","0","2","0","0","0"
"achat compte tiktok 10000 abonnés","Expression exacte","Aucun","Tiktok","0","1","0","0","0"
"plus de follower instagram","Mot clé exact (variante proche)","Aucun","Instagram","0","1","0","0","0"
"followers instagram boost","Expression exacte (variante proche)","Aucun","Instagram","0","1","0","0","0"
"augmenter ses followers sur instagram","Mot clé exact (variante proche)","Aucun","Instagram","0","1","0","0","0"
"viewers tiktok","Requête large","Aucun","Tiktok","1","1","0,48","0","0"
"acheter abonnement tiktok","Mot clé exact (variante proche)","Aucun","Tiktok","0","5","0","0","0"
"acheter des likes tiktok","Requête large","Aucun","Tiktok","0","1","0","0","0"
"tik tok followers","Mot clé exact (variante proche)","Aucun","Tiktok","0","6","0","0","0"
"tiktokboost","Requête large","Aucun","Tiktok","0","1","0","0","0"
"comment acheter des abo insta","Mot clé exact (variante proche)","Aucun","Instagram","0","1","0","0","0"
"acheter des abonnes instagram avis","Mot clé exact (variante proche)","Aucun","Instagram","0","1","0","0","0"
"bot abonnés tiktok gratuit","Requête large","Aucun","Tiktok","2","5","1,13","0","0"
"mr popular tiktok","Requête large","Aucun","Tiktok","1","1","0,65","0","0"
"abonnés instagram","Expression exacte (variante proche)","Aucun","Instagram","1","2","1,23","1","1"
"abo tiktok","Requête large","Aucun","Tiktok","1","2","0,46","0","0"
"zefoy vue tiktok gratuit","Requête large","Aucun","Tiktok","0","1","0","0","0"
"plixi","Expression exacte (variante proche)","Aucun","Instagram","0","1","0","0","0"
"acheter followers instagram","Mot clé exact","Ajouté","Instagram","1","4","1,98","9,99","2"
"avis propulse instagram","Expression exacte (variante proche)","Aucun","Instagram","0","1","0","0","0"
"abonnés gratuit sur instagram","Expression exacte (variante proche)","Aucun","Instagram","0","1","0","0","0"
"booster son compte instagram gratuitement","Expression exacte (variante proche)","Aucun","Instagram","0","2","0","0","0"
"tiktok follower","Mot clé exact (variante proche)","Aucun","Tiktok","5","24","4,33","3,99","1"
"plus d abonnés instagram gratuit","Expression exacte (variante proche)","Aucun","Instagram","1","1","0,54","0","0"
"comment acheter des abonnés sur tiktok","Mot clé exact (variante proche)","Aucun","Tiktok","1","5","0,65","2","2"
"site pour avoir des followers instagram gratuit","Expression exacte (variante proche)","Aucun","Instagram","1","1","0,97","1","1"
"rushmax","Expression exacte (variante proche)","Aucun","Instagram","0","1","0","0","0"
"agence tiktok live","Expression exacte (variante proche)","Aucun","Tiktok","0","3","0","0","0"
"achat abonne tiktok","Mot clé exact (variante proche)","Aucun","Tiktok","1","19","1,67","1","1"
"acheter les abonnés tiktok","Mot clé exact (variante proche)","Aucun","Tiktok","0","4","0","0","0"
"generateur dabo tiktok","Requête large","Aucun","Tiktok","0","1","0","0","0"
"achat followers tiktok","Requête large","Ajouté","Tiktok","0","1","0","0","0"
"promouvoir une video tiktok","Expression exacte (variante proche)","Aucun","Tiktok","0","2","0","0","0"
"bot tiktok vue","Requête large","Aucun","Tiktok","0","1","0","0","0"
"avoir des follower instagram gratuit","Expression exacte (variante proche)","Aucun","Instagram","0","1","0","0","0"
"compte tiktok a 10k","Requête large","Aucun","Tiktok","0","1","0","0","0"
"freer es followers","Expression exacte (variante proche)","Aucun","Tiktok","1","1","0,57","2","2"
"tiktok like","Requête large","Aucun","Tiktok","1","1","0,47","0","0"
"free tik tok views","Requête large","Aucun","Tiktok","1","2","0,47","0","0"
"publicité tiktok","Mot clé exact (variante proche)","Aucun","Tiktok","0","1","0","0","0"
"tik tok add","Mot clé exact (variante proche)","Aucun","Tiktok","0","1","0","0","0"
"perfectliker","Expression exacte (variante proche)","Aucun","Instagram","0","1","0","0","0"
"10k vue tiktok gratuit","Requête large","Aucun","Tiktok","0","1","0","0","0"
"site abonnés instagram gratuit","Expression exacte (variante proche)","Aucun","Instagram","0","1","0","0","0"
"acheter abonnés francais instagram","Expression exacte","Aucun","Instagram","0","1","0","0","0"
"abonné insta","Expression exacte (variante proche)","Aucun","Instagram","2","8","1,99","4,99","2"
"skweezer","Expression exacte (variante proche)","Aucun","Instagram","0","1","0","0","0"
"tiktok followers pas cher","Mot clé exact (variante proche)","Aucun","Tiktok","1","1","0,45","0","0"
"1k abonnés tiktok","Requête large","Aucun","Tiktok","0","1","0","0","0"
"acheter des followers tiktok","Mot clé exact","Ajouté","Tiktok","3","18","4,43","3,99","1"
"abonnés instagram pas cher","Mot clé exact","Ajouté","Instagram","2","6","1,39","15,99","2"
"tiktok creative center","Expression exacte (variante proche)","Aucun","Tiktok","1","14","4,72","0","0"
"percer sur tiktok","Requête large","Aucun","Tiktok","0","1","0","0","0"
"tiktok followers bot","Requête large","Aucun","Tiktok","0","1","0","0","0"
"media follow tiktok","Requête large","Aucun","Tiktok","0","1","0","0","0"
"promotion tik tok","Mot clé exact (variante proche)","Aucun","Tiktok","0","1","0","0","0"
"boost abonnés instagram","Mot clé exact","Ajouté","Instagram","1","15","0,76","1","1"
"followers gratuit instagram","Expression exacte (variante proche)","Aucun","Instagram","1","1","0,31","0","0"
"https www tiktok com studio download download_source email","Requête large","Aucun","Tiktok","0","1","0","0","0"
"followers gratuit","Expression exacte (variante proche)","Aucun","Instagram","1","3","0,35","0","0"
"compte 10k tiktok prix","Expression exacte (variante proche)","Aucun","Tiktok","1","1","0,47","0","0"
"follower buy tiktok","Mot clé exact (variante proche)","Aucun","Tiktok","0","1","0","0","0"
"tiktok free follower","Requête large","Aucun","Tiktok","0","1","0","0","0"
"agence de communication tiktok","Expression exacte (variante proche)","Aucun","Tiktok","0","1","0","0","0"
"boost instagram gratuit","Expression exacte (variante proche)","Aucun","Instagram","2","8","1,75","1","1"
"free follower tiktok boost","Requête large","Aucun","Tiktok","0","1","0","0","0"
"faire des vues sur tiktok","Requête large","Aucun","Tiktok","0","1","0","0","0"
"booster abonnés instagram","Mot clé exact (variante proche)","Aucun","Instagram","0","6","0","0","0"
"abonnés tiktok pas cher","Expression exacte (variante proche)","Aucun","Tiktok","1","3","0,5","0","0"
"comment avoir plus de follower instagram","Mot clé exact (variante proche)","Aucun","Instagram","0","1","0","0","0"
"abo tiktok","Expression exacte (variante proche)","Aucun","Tiktok","0","1","0","0","0"
"augmenter followers instagram","Mot clé exact (variante proche)","Aucun","Instagram","0","1","0","0","0"
"acheter abonnés tiktok avis","Expression exacte","Aucun","Tiktok","0","2","0","0","0"
"avoir des followers gratuit","Expression exacte (variante proche)","Aucun","Instagram","0","1","0","0","0"
"obtenir des abonnés instagram","Mot clé exact (variante proche)","Aucun","Instagram","1","1","1,94","0","0"
"mr popular tiktok","Expression exacte (variante proche)","Aucun","Tiktok","0","2","0","0","0"
"panel tiktok follower","Expression exacte (variante proche)","Aucun","Tiktok","0","1","0","0","0"
"tokviral co","Expression exacte (variante proche)","Aucun","Tiktok","0","1","0","0","0"
"acheter des abonnés tiktok","Mot clé exact","Ajouté","Tiktok","6","21","7,95","0","0"
"tiktok video viral for you","Requête large","Aucun","Tiktok","0","1","0","0","0"
"follower instagram","Expression exacte (variante proche)","Aucun","Instagram","0","4","0","0","0"
"1000 abonnés tiktok pas cher","Expression exacte (variante proche)","Aucun","Tiktok","1","1","1,73","0","0"
"how to get free 1k followers on tiktok in 5 minutes hack","Requête large","Aucun","Tiktok","0","2","0","0","0"
"ajouter des followers sur instagram","Mot clé exact (variante proche)","Aucun","Instagram","0","1","0","0","0"
"followers instagram","Mot clé exact (variante proche)","Aucun","Instagram","0","2","0","0","0"
"get 100 free tiktok followers","Requête large","Aucun","Tiktok","0","2","0","0","0"
"turboabonnes","Expression exacte (variante proche)","Aucun","Instagram","0","1","0","0","0"
"achat like tiktok","Requête large","Aucun","Tiktok","0","1","0","0","0"
"acheter abonnés tiktok pas cher","Expression exacte","Ajouté","Tiktok","0","2","0","0","0"
"acheter vue tiktok pas cher","Requête large","Aucun","Tiktok","0","1","0","0","0"
"acheter des abonnés tik tok","Mot clé exact (variante proche)","Aucun","Tiktok","1","4","1,43","0","0"
"freer es views tiktok","Requête large","Aucun","Tiktok","0","1","0","0","0"
"1000 vue tiktok gratuit","Requête large","Aucun","Tiktok","0","1","0","0","0"
"achat abonnes instagram","Mot clé exact (variante proche)","Aucun","Instagram","3","23","3,8","0,99","1"
"acheté des abonnés tiktok","Requête large","Aucun","Tiktok","0","1","0","0","0"
"follower instagram pas cher","Expression exacte (variante proche)","Aucun","Instagram","0","1","0","0","0"
"boost instagram followers","Mot clé exact","Ajouté","Instagram","1","2","0,77","0","0"
"buzzoid","Expression exacte (variante proche)","Aucun","Instagram","1","16","1,22","1","1"
"comment faire la publicité sur tiktok","Expression exacte (variante proche)","Aucun","Tiktok","0","1","0","0","0"
"followers boost tiktok","Mot clé exact (variante proche)","Aucun","Tiktok","1","1","4,42","1","1"
"tiktok followers","Requête large","Aucun","Tiktok","1","4","0,53","0","0"
"comment avoir des followers sur instagram","Mot clé exact (variante proche)","Aucun","Instagram","0","3","0","0","0"
"avoir plus d abonnés sur insta","Mot clé exact (variante proche)","Aucun","Instagram","0","1","0","0","0"
"augmenter ses vues tiktok","Requête large","Aucun","Tiktok","0","1","0","0","0"
"plus de followers instagram","Mot clé exact (variante proche)","Aucun","Instagram","0","3","0","0","0"
"generateur abonnés instagram gratuit","Expression exacte (variante proche)","Aucun","Instagram","0","1","0","0","0"
"faire percer une video tiktok","Expression exacte (variante proche)","Aucun","Tiktok","2","2","1,32","0","0"
"get more followers on instagram","Mot clé exact (variante proche)","Aucun","Instagram","0","1","0","0","0"
"bot followers tiktok","Requête large","Aucun","Tiktok","1","1","0,55","0","0"
"acheter tiktok followers","Mot clé exact (variante proche)","Aucun","Tiktok","0","1","0","0","0"
"augmenter ses abonnés instagram","Mot clé exact (variante proche)","Aucun","Instagram","0","1","0","0","0"
"follow instagram gratuit","Expression exacte (variante proche)","Aucun","Instagram","0","2","0","0","0"
"cheap instagram followers","Expression exacte (variante proche)","Aucun","Instagram","0","1","0","0","0"
"site pour acheter des abonnés tiktok","Mot clé exact (variante proche)","Aucun","Tiktok","0","1","0","0","0"
"achat followers insta","Mot clé exact (variante proche)","Aucun","Instagram","0","2","0","0","0"
"comment obtenir des followers sur instagram","Mot clé exact (variante proche)","Aucun","Instagram","0","1","0","0","0"
"comment avoir plus d abonnés sur instagram","Mot clé exact (variante proche)","Aucun","Instagram","0","1","0","0","0"
"bot instagram followers","Expression exacte (variante proche)","Aucun","Instagram","0","1","0","0","0"
"acheter abonnes instagram","Mot clé exact (variante proche)","Aucun","Instagram","0","1","0","0","0"
"acheter followers tiktok","Mot clé exact","Ajouté","Tiktok","3","15","3,08","0","0"
"followers instagram pas cher","Mot clé exact (variante proche)","Aucun","Instagram","0","3","0","0","0"
"acheter abonnés tiktok pas cher","Requête large","Ajouté","Tiktok","0","2","0","0","0"
"abonné instagram pas cher","Mot clé exact (variante proche)","Aucun","Instagram","0","1","0","0","0"
"leofame instagram","Expression exacte (variante proche)","Aucun","Instagram","0","2","0","0","0"
"tikstar","Requête large","Aucun","Tiktok","0","1","0","0","0"
"augmenter les followers instagram","Mot clé exact (variante proche)","Aucun","Instagram","0","2","0","0","0"
"abonnés tiktok acheter","Requête large","Ajouté","Tiktok","0","2","0","0","0"
"tiktok publicité","Mot clé exact (variante proche)","Aucun","Tiktok","0","2","0","0","0"
"tiktok world","Requête large","Aucun","Tiktok","1","1","0,64","0","0"
"free followers instagram","Expression exacte (variante proche)","Aucun","Instagram","1","1","0,44","0","0"
"views free tiktok","Requête large","Aucun","Tiktok","0","1","0","0","0"
"growbot","Expression exacte (variante proche)","Aucun","Instagram","0","1","0","0","0"
"booster de vue tiktok","Requête large","Aucun","Tiktok","2","2","0,94","0","0"
"augmenter like tiktok gratuit","Requête large","Aucun","Tiktok","0","1","0","0","0"
"acheter abonnés tiktok","Requête large","Ajouté","Tiktok","0","3","0","0","0"
"generateur d abonnés tiktok","Requête large","Aucun","Tiktok","0","1","0","0","0"
"acheter des abos tiktok","Mot clé exact (variante proche)","Aucun","Tiktok","0","1","0","0","0"
"abonnes instagram pas cher","Expression exacte (variante proche)","Aucun","Instagram","0","1","0","0","0"
"abonner tiktok gratuit","Requête large","Aucun","Tiktok","0","2","0","0","0"
"combin instagram","Expression exacte (variante proche)","Aucun","Instagram","0","1","0","0","0"
"tiktok shop business","Requête large","Aucun","Tiktok","0","1","0","0","0"
"tiktok viral hashtags","Requête large","Aucun","Tiktok","0","1","0","0","0"
"ou acheter des abonnés instagram","Mot clé exact (variante proche)","Aucun","Instagram","0","1","0","0","0"
"free followers instagram gratuit","Expression exacte (variante proche)","Aucun","Instagram","0","3","0","0","0"
"achat abonnés tiktok","Mot clé exact","Ajouté","Tiktok","3","14","7,3","1","1"
"tiktok for business","Expression exacte (variante proche)","Aucun","Tiktok","0","5","0","0","0"
"acheter like tiktok","Requête large","Aucun","Tiktok","0","5","0","0","0"
"avoir des abonnés sur instagram","Mot clé exact (variante proche)","Aucun","Instagram","0","1","0","0","0"
"abonnés instagram réel","Expression exacte (variante proche)","Aucun","Instagram","0","2","0","0","0"
"get followers instagram","Mot clé exact (variante proche)","Aucun","Instagram","0","1","0","0","0"
"site abonnés tiktok gratuit","Requête large","Aucun","Tiktok","0","3","0","0","0"
"acheter follow tiktok","Mot clé exact (variante proche)","Aucun","Tiktok","1","6","0,7","0","0"
"abonne tiktok","Expression exacte (variante proche)","Aucun","Tiktok","1","3","0,84","0","0"
"payer abonnés instagram","Mot clé exact (variante proche)","Aucun","Instagram","0","1","0","0","0"
"ads tiktok","Mot clé exact (variante proche)","Aucun","Tiktok","0","3","0","0","0"
"achat de vue tiktok","Requête large","Aucun","Tiktok","0","1","0","0","0"
"acheter des abonnes tiktok","Requête large","Aucun","Tiktok","0","1","0","0","0"
"tiktok spark ad example","Expression exacte (variante proche)","Aucun","Tiktok","0","1","0","0","0"
"booster son compte tiktok gratuit","Requête large","Aucun","Tiktok","0","1","0","0","0"
"gagner des followers instagram","Mot clé exact (variante proche)","Aucun","Instagram","0","2","0","0","0"
"achat abonnés instagram","Mot clé exact","Ajouté","Instagram","3","9","5,72","2","2"
"bot tiktok follower","Requête large","Aucun","Tiktok","1","1","0,47","0","0"
"followers zone","Expression exacte (variante proche)","Aucun","Instagram","0","1","0","0","0"
"how to make post go viral on tiktok","Expression exacte (variante proche)","Aucun","Tiktok","0","1","0","0","0"
"followers pas cher instagram","Mot clé exact (variante proche)","Aucun","Instagram","0","1","0","0","0"
"acheter des abo tiktok","Mot clé exact (variante proche)","Aucun","Tiktok","0","2","0","0","0"
"tiktok promouvoir","Mot clé exact (variante proche)","Aucun","Tiktok","0","1","0","0","0"
"acheter follow instagram","Mot clé exact (variante proche)","Aucun","Instagram","2","18","4,23","0","0"
"acheter abonnés tiktok gratuit","Requête large","Aucun","Tiktok","2","3","1,22","0","0"
"comment acheter des abonnés sur tiktok","Requête large","Aucun","Tiktok","0","3","0","0","0"
"insta mama","Expression exacte (variante proche)","Aucun","Instagram","0","3","0","0","0"
"stormlike","Expression exacte (variante proche)","Aucun","Instagram","0","3","0","0","0"
"acheter des followers insta","Mot clé exact (variante proche)","Aucun","Instagram","3","9","3,39","1","1"
"acheter des abonnes tiktok","Mot clé exact (variante proche)","Aucun","Tiktok","0","5","0","0","0"
"acheter abonnés tiktok instantané","Mot clé exact (variante proche)","Aucun","Tiktok","0","1","0","0","0"
"generateur de vue tik tok","Requête large","Aucun","Tiktok","0","2","0","0","0"
"followers tiktok gratuit","Requête large","Aucun","Tiktok","1","6","0,47","0","0"
"boost follower","Expression exacte (variante proche)","Aucun","Instagram","1","5","0,9","0","0"
"twicsy","Expression exacte (variante proche)","Aucun","Instagram","0","3","0","0","0"
"abonnés gratuits instagram","Expression exacte (variante proche)","Aucun","Instagram","0","1","0","0","0"
"avoir plus de vues sur tiktok","Requête large","Aucun","Tiktok","0","1","0","0","0"
"acheterlikeetfollow tiktok","Expression exacte (variante proche)","Aucun","Tiktok","0","1","0","0","0"
"comment acheter des follower instagram","Mot clé exact (variante proche)","Aucun","Instagram","0","1","0","0","0"
"augmenter les vues tiktok","Requête large","Aucun","Tiktok","1","1","0,7","0","0"
"auto liker tiktok","Requête large","Aucun","Tiktok","0","1","0","0","0"
"meilleur moment pour poster tiktok","Requête large","Aucun","Tiktok","0","2","0","0","0"
"cheap tiktok followers","Expression exacte (variante proche)","Aucun","Tiktok","0","2","0","0","0"
"comment percer sur tiktok","Expression exacte (variante proche)","Aucun","Tiktok","0","2","0","0","0"
"achat followers instagram","Mot clé exact (variante proche)","Aucun","Instagram","3","46","4,82","2","2"
"follow tiktok","Requête large","Aucun","Tiktok","0","2","0","0","0"
"compte tiktok 10k acheter","Requête large","Aucun","Tiktok","0","1","0","0","0"
"acheter des follower instagram","Mot clé exact (variante proche)","Aucun","Instagram","0","1","0","0","0"
"buy ig followers","Mot clé exact (variante proche)","Aucun","Instagram","0","1","0","0","0"
"vrai abonnés instagram","Expression exacte (variante proche)","Aucun","Instagram","2","3","4,12","0","0"
"turbo abonnés tiktok","Requête large","Aucun","Tiktok","1","1","0,46","0","0"
"igbest","Expression exacte (variante proche)","Aucun","Instagram","0","1","0","0","0"
"croissance instagram","Mot clé exact (variante proche)","Aucun","Instagram","0","1","0","0","0"
"abonne tiktok","Requête large","Aucun","Tiktok","1","4","0,54","0","0"
"comment acheter des abonnés tiktok","Mot clé exact (variante proche)","Aucun","Tiktok","0","2","0","0","0"
"abonnés tiktok francais","Expression exacte (variante proche)","Aucun","Tiktok","0","1","0","0","0"
"abonnés insta gratuit","Expression exacte (variante proche)","Aucun","Instagram","0","1","0","0","0"
"avoir des abonnés sur tiktok gratuit","Requête large","Aucun","Tiktok","0","1","0","0","0"
"acheter des abonnes instagram","Mot clé exact (variante proche)","Aucun","Instagram","0","3","0","0","0"
"abonné instagram gratuit","Expression exacte (variante proche)","Aucun","Instagram","1","7","0,44","1","1"
"tiktok achat abonnés","Mot clé exact (variante proche)","Aucun","Tiktok","0","1","0","0","0"
"pub sur tiktok","Mot clé exact (variante proche)","Aucun","Tiktok","0","1","0","0","0"
"abonnes instagram gratuit","Expression exacte (variante proche)","Aucun","Instagram","0","2","0","0","0"
"site comme zefame","Mot clé exact","Ajouté","Instagram","0","2","0","0","0"
"acheter abonne insta","Mot clé exact (variante proche)","Aucun","Instagram","0","1","0","0","0"
"acheter des follow insta","Mot clé exact (variante proche)","Aucun","Instagram","0","1","0","0","0"
"acheter abonné insta","Mot clé exact (variante proche)","Aucun","Instagram","1","23","3,51","2","2"
"acheter compte tiktok 1000 abonnés","Expression exacte (variante proche)","Aucun","Tiktok","0","1","0","0","0"
"tik star com","Requête large","Aucun","Tiktok","0","2","0","0","0"
"follower gain","Expression exacte (variante proche)","Aucun","Instagram","0","1","0","0","0"
"turbo abonnés tiktok","Expression exacte (variante proche)","Aucun","Tiktok","2","5","0,93","1","1"
"free instagram followers","Expression exacte (variante proche)","Aucun","Instagram","0","1","0","0","0"
"achat abonné tiktok","Mot clé exact (variante proche)","Aucun","Tiktok","0","1","0","0","0"
"global follower","Expression exacte (variante proche)","Aucun","Instagram","0","1","0","0","0"
"achat followers tiktok pas cher","Mot clé exact (variante proche)","Aucun","Tiktok","3","2","2,07","3,99","1"
"tiktok video viral trick today","Requête large","Aucun","Tiktok","0","1","0","0","0"
"auto like tiktok","Requête large","Aucun","Tiktok","1","2","0,46","0","0"
"tik boost","Expression exacte (variante proche)","Aucun","Tiktok","1","1","0,46","0","0"
"zefame like tiktok gratuit","Requête large","Aucun","Tiktok","1","5","0,69","0","0"
"followers insta free","Expression exacte (variante proche)","Aucun","Instagram","0","1","0","0","0"
"agence tiktok","Expression exacte (variante proche)","Aucun","Tiktok","0","2","0","0","0"
"site pour avoir des abonnés instagram gratuit","Expression exacte (variante proche)","Aucun","Instagram","0","2","0","0","0"
"achat d abonnés tiktok","Mot clé exact (variante proche)","Aucun","Tiktok","1","6","1,22","0","0"
"my boost instagram avis","Expression exacte (variante proche)","Aucun","Instagram","0","1","0","0","0"
"followers sur tiktok","Mot clé exact (variante proche)","Aucun","Tiktok","0","1","0","0","0"
"meilleur site achat followers instagram","Expression exacte","Aucun","Instagram","0","1","0","0","0"
"acheter like et vu tiktok","Requête large","Aucun","Tiktok","0","2","0","0","0"
"naizop free tiktok views","Requête large","Aucun","Tiktok","0","1","0","0","0"
"free abonnés instagram","Expression exacte (variante proche)","Aucun","Instagram","0","1","0","0","0"
"instagram augmenter followers","Mot clé exact (variante proche)","Aucun","Instagram","0","1","0","0","0"
"acheter 10000 followers tiktok","Expression exacte","Aucun","Tiktok","0","2","0","0","0"
"achat abonne tiktok","Requête large","Aucun","Tiktok","0","1","0","0","0"
"acheter follower instagram","Mot clé exact (variante proche)","Aucun","Instagram","0","4","0","0","0"
"followers pas cher instagram","Expression exacte (variante proche)","Aucun","Instagram","0","4","0","0","0"
"views tiktok","Requête large","Aucun","Tiktok","0","3","0","0","0"
"instagram followers increase","Mot clé exact (variante proche)","Aucun","Instagram","0","1","0","0","0"
"achat de followers instagram","Mot clé exact","Ajouté","Instagram","0","1","0","0","0"
"booster les followers sur instagram","Mot clé exact (variante proche)","Aucun","Instagram","0","1","0","0","0"
"abonne gratuit instagram","Expression exacte (variante proche)","Aucun","Instagram","1","4","0,39","1","1"
"acheter abonnés tiktok français","Mot clé exact (variante proche)","Aucun","Tiktok","3","16","6,52","1","1"
"instagram followers free","Expression exacte (variante proche)","Aucun","Instagram","0","1","0","0","0"
"acheter des abonnés tik tok gratuit","Requête large","Aucun","Tiktok","0","2","0","0","0"
"abonnés tiktok pas cher","Mot clé exact (variante proche)","Aucun","Tiktok","3","23","2,19","9,99","2"
"1k follow instagram","Expression exacte (variante proche)","Aucun","Instagram","0","1","0","0","0"
"abos insta","Expression exacte (variante proche)","Aucun","Instagram","0","1","0","0","0"
"achat abonnés tiktok instantané","Requête large","Aucun","Tiktok","0","1","0","0","0"
"follower tiktok gratuit","Requête large","Aucun","Tiktok","1","3","0,46","0","0"
"igfollowers","Expression exacte (variante proche)","Aucun","Instagram","0","2","0","0","0"
"comment attirer plus de followers sur instagram","Mot clé exact (variante proche)","Aucun","Instagram","0","1","0","0","0"
"acheter abonnés tiktok","Mot clé exact","Ajouté","Tiktok","5","36","4,68","13,78","3"
"acheter des abonnes sur tiktok","Mot clé exact (variante proche)","Aucun","Tiktok","0","1","0","0","0"
"payer des abonnés instagram","Mot clé exact (variante proche)","Aucun","Instagram","1","4","1,9","0,99","1"
"comment acheter des followers tiktok","Requête large","Aucun","Tiktok","0","1","0","0","0"
"go followers","Expression exacte (variante proche)","Aucun","Instagram","0","2","0","0","0"
"payer des followers instagram","Mot clé exact (variante proche)","Aucun","Instagram","0","1","0","0","0"
"www popularup com","Expression exacte (variante proche)","Aucun","Instagram","0","1","0","0","0"
"my tools town tiktok views","Expression exacte (variante proche)","Aucun","Tiktok","0","1","0","0","0"
"meilleur site achat followers tiktok","Requête large","Aucun","Tiktok","0","2","0","0","0"
"boost follower tiktok","Requête large","Aucun","Tiktok","1","1","0,7","0","0"
"generateur de vu tiktok","Requête large","Aucun","Tiktok","0","1","0","0","0"
"acheter abonnés insta","Mot clé exact (variante proche)","Aucun","Instagram","0","3","0","0","0"
"boost follower tiktok","Expression exacte (variante proche)","Aucun","Tiktok","0","2","0","0","0"
"achat follower tiktok","Mot clé exact (variante proche)","Aucun","Tiktok","0","13","0","0","0"
"use viral tiktok","Requête large","Exclu","Tiktok","0","1","0","0","0"
"faux abonnés instagram","Expression exacte (variante proche)","Aucun","Instagram","0","4","0","0","0"
"booster vues tiktok","Requête large","Exclu","Tiktok","0","6","0","0","0"
"followers instagram gratis","Expression exacte (variante proche)","Aucun","Instagram","0","1","0","0","0"
"zefame tiktok","Expression exacte (variante proche)","Aucun","Tiktok","0","2","0","0","0"
"zefame like","Mot clé exact (variante proche)","Aucun","Instagram","0","1","0","0","0"
"publier sur tiktok","Requête large","Aucun","Tiktok","0","2","0","0","0"
"boost live tiktok","Requête large","Exclu","Tiktok","0","1","0","0","0"
"achat abonnés instagram gratuit","Expression exacte (variante proche)","Aucun","Instagram","1","4","0,23","1,49","1"
"comment avoir des abonnés gratuit sur tiktok","Requête large","Aucun","Tiktok","0","1","0","0","0"
"ig followers cheap","Mot clé exact (variante proche)","Aucun","Instagram","0","1","0","0","0"
"meilleur site achat followers tiktok","Expression exacte (variante proche)","Aucun","Tiktok","0","2","0","0","0"
"tiktok boost followers","Mot clé exact (variante proche)","Aucun","Tiktok","1","1","1,45","15,74","2,5"
"achat abonnés tiktok instantané","Mot clé exact (variante proche)","Aucun","Tiktok","3","6","4,02","5,99","3"
"zefoy tiktok likes","Requête large","Aucun","Tiktok","1","2","0,66","0","0"
"follow insta","Expression exacte (variante proche)","Aucun","Instagram","0","2","0","0","0"
"application pour avoir des vues sur tiktok","Requête large","Aucun","Tiktok","0","1","0","0","0"
"booster son instagram","Mot clé exact (variante proche)","Aucun","Instagram","0","2","0","0","0"
"vue tiktok pas cher","Requête large","Aucun","Tiktok","0","2","0","0","0"
"acheter des vues tiktok","Requête large","Aucun","Tiktok","1","1","0,47","0","0"
"free instagram followers 2026","Expression exacte (variante proche)","Aucun","Instagram","0","1","0","0","0"
"formation tiktok shop","Expression exacte (variante proche)","Exclu","Tiktok","0","1","0","0","0"
"followers instagram acheter","Mot clé exact (variante proche)","Aucun","Instagram","0","3","0","0","0"
"tikboost","Expression exacte (variante proche)","Aucun","Tiktok","0","4","0","0","0"
"acheter followers tiktok","Requête large","Ajouté","Tiktok","0","1","0","0","0"
"tiktok organique","Expression exacte (variante proche)","Exclu","Tiktok","0","1","0","0","0"
"zefame instagram","Expression exacte (variante proche)","Aucun","Instagram","0","1","0","0","0"
"achat abonnés tiktok francais","Mot clé exact (variante proche)","Aucun","Tiktok","0","1","0","0","0"
"acheter des abonnes instagram avis","Expression exacte","Aucun","Instagram","0","3","0","0","0"
"live tiktok 500 abonnés","Requête large","Aucun","Tiktok","0","1","0","0","0"
"booster visibilité instagram","Mot clé exact (variante proche)","Aucun","Instagram","0","1","0","0","0"
"generateur de follower instagram","Mot clé exact (variante proche)","Aucun","Instagram","0","1","0","0","0"
"comment avoir plus de followers sur instagram","Mot clé exact (variante proche)","Aucun","Instagram","0","2","0","0","0"
"turboabonné","Expression exacte (variante proche)","Aucun","Instagram","0","2","0","0","0"
"acheter des followers tik tok","Mot clé exact (variante proche)","Aucun","Tiktok","0","1","0","0","0"
"tiktok view","Requête large","Aucun","Tiktok","0","1","0","0","0"
"comment avoir plus de followers sur instagram gratuitement","Expression exacte (variante proche)","Aucun","Instagram","0","1","0","0","0"
"boutique tiktok shop","Requête large","Exclu","Tiktok","0","1","0","0","0"
"real followers tiktok","Expression exacte (variante proche)","Aucun","Tiktok","0","2","0","0","0"
"acheter des abonnes tik tok","Mot clé exact (variante proche)","Aucun","Tiktok","0","2","0","0","0"
"acheter vues tiktok","Requête large","Exclu","Tiktok","0","3","0","0","0"
"generateur d abonnés instagram gratuit","Expression exacte (variante proche)","Aucun","Instagram","0","1","0","0","0"
"acheter follow insta","Mot clé exact (variante proche)","Aucun","Instagram","0","2","0","0","0"
"comment avoir plus de followers sur insta","Mot clé exact (variante proche)","Aucun","Instagram","0","1","0","0","0"
"abonnés instagram gratuit","Expression exacte (variante proche)","Aucun","Instagram","3","12","3,42","2","2"
"free tiktok followers","Requête large","Exclu","Tiktok","1","4","0,66","0","0"
"abonner gratuit sur instagram","Expression exacte (variante proche)","Aucun","Instagram","0","1","0","0","0"
"tok booster","Requête large","Aucun","Tiktok","0","2","0","0","0"
"top followers tiktok","Requête large","Aucun","Tiktok","0","2","0","0","0"
"insta boost","Expression exacte (variante proche)","Aucun","Instagram","2","4","2,88","2","2"
"abonnés gratuit instagram","Expression exacte (variante proche)","Aucun","Instagram","0","1","0","0","0"
"avoir plus de followers gratuitement","Expression exacte (variante proche)","Aucun","Instagram","0","1","0","0","0"
"achat d abonnés instagram","Mot clé exact (variante proche)","Aucun","Instagram","0","1","0","0","0"
"abonnés instagram acheter","Mot clé exact (variante proche)","Aucun","Instagram","0","1","0","0","0"
"tiktokboost","Expression exacte (variante proche)","Aucun","Tiktok","0","2","0","0","0"
"instagram abonnés gratuit","Expression exacte (variante proche)","Aucun","Instagram","0","1","0","0","0"
"achat abonnés tiktok pas cher","Requête large","Aucun","Tiktok","0","1","0","0","0"
"generateur de follower tiktok","Requête large","Aucun","Tiktok","0","1","0","0","0"
"boostfr instagram","Expression exacte (variante proche)","Aucun","Instagram","0","1","0","0","0"
"pub tiktok","Mot clé exact (variante proche)","Exclu","Tiktok","0","1","0","0","0"
"comment publier une vidéo sur tiktok pour avoir des vues","Requête large","Exclu","Tiktok","0","1","0","0","0"
"achat abonne insta","Mot clé exact (variante proche)","Aucun","Instagram","0","1","0","0","0"
"boost tiktok followers","Mot clé exact (variante proche)","Aucun","Tiktok","0","1","0","0","0"
"site pour avoir beaucoup d abonnés sur tiktok","Mot clé exact (variante proche)","Aucun","Tiktok","0","1","0","0","0"
"achat d abonnés tiktok avis","Requête large","Aucun","Tiktok","0","1","0","0","0"
"followers tiktok","Mot clé exact (variante proche)","Aucun","Tiktok","1","10","0,88","0","0"
"tokupgrade","Expression exacte (variante proche)","Aucun","Tiktok","2","7","1,58","0","0"
"10000 abonnés tiktok gratuit","Requête large","Exclu","Tiktok","0","1","0","0","0"
"boost follower instagram","Mot clé exact (variante proche)","Ajouté","Instagram","1","2","1,76","0","0"
"follower tiktok pas cher","Mot clé exact (variante proche)","Ajouté","Tiktok","1","2","0,67","0","0"
"entreprise tik tok","Requête large","Exclu","Tiktok","0","2","0","0","0"
"turboabonnés","Expression exacte (variante proche)","Aucun","Instagram","0","1","0","0","0"
"booster ses followers instagram gratuit","Expression exacte (variante proche)","Aucun","Instagram","1","3","3,06","2","2"
"followers pas cher tiktok","Mot clé exact (variante proche)","Ajouté","Tiktok","0","6","0","0","0"
"acheter abonnés tiktok pas cher","Mot clé exact (variante proche)","Ajouté","Tiktok","1","15","0,7","0","0"
"followgram","Expression exacte (variante proche)","Aucun","Instagram","0","1","0","0","0"
"abonnés tiktok acheter","Mot clé exact (variante proche)","Ajouté","Tiktok","2","13","4,55","0","0"
"faux abonnés instagram gratuit","Expression exacte (variante proche)","Aucun","Instagram","0","2","0","0","0"
"augmenter nombre abonnés instagram","Mot clé exact (variante proche)","Aucun","Instagram","0","2","0","0","0"
"acheter des follower tiktok","Mot clé exact (variante proche)","Aucun","Tiktok","0","5","0","0","0"
"payer abonnés insta","Mot clé exact (variante proche)","Aucun","Instagram","0","1","0","0","0"
"abo insta gratuit","Expression exacte (variante proche)","Aucun","Instagram","1","1","0,68","1","1"
"comment acheter des abonnés sur instagram","Mot clé exact (variante proche)","Aucun","Instagram","0","3","0","0","0"
"promouvoir video tiktok","Expression exacte (variante proche)","Aucun","Tiktok","0","1","0","0","0"
"abonnés tiktok gratuit","Requête large","Aucun","Tiktok","0","5","0","0","0"
"insta boost gratuit","Expression exacte (variante proche)","Aucun","Instagram","1","1","0,84","0","0"
"acheter abonné tiktok","Mot clé exact (variante proche)","Aucun","Tiktok","0","4","0","0","0"
"my boost instagram","Expression exacte (variante proche)","Aucun","Instagram","0","1","0","0","0"
"boost abonnés instagram gratuit","Expression exacte","Aucun","Instagram","0","1","0","0","0"
"acheter followers instagram gratuit","Expression exacte (variante proche)","Aucun","Instagram","0","1","0","0","0"
"followers pas cher tiktok","Expression exacte (variante proche)","Ajouté","Tiktok","0","5","0","0","0"
"acheter des abonnés instagram prix","Mot clé exact (variante proche)","Aucun","Instagram","0","1","0","0","0"
"fueltok","Requête large","Aucun","Tiktok","0","1","0","0","0"
"tiktok follower buy","Mot clé exact (variante proche)","Aucun","Tiktok","0","1","0","0","0"
"site comme zefame","Expression exacte (variante proche)","Ajouté","Instagram","0","1","0","0","0"
"instaboost","Expression exacte (variante proche)","Aucun","Instagram","0","1","0","0","0"
"followers tik tok","Mot clé exact (variante proche)","Aucun","Tiktok","2","4","3,4","0","0"
"augmenter les abonnés tiktok gratuit","Requête large","Aucun","Tiktok","1","3","0,47","0","0"
"follower instagram pas cher","Mot clé exact (variante proche)","Aucun","Instagram","2","1","3,88","4,97","4"
"booster ses abonnés instagram gratuit","Expression exacte (variante proche)","Aucun","Instagram","0","2","0","0","0"
"promouvoir tiktok","Mot clé exact (variante proche)","Aucun","Tiktok","0","4","0","0","0"
"comment gagner des abonnés sur instagram","Mot clé exact (variante proche)","Aucun","Instagram","0","1","0","0","0"
"follower tiktok","Expression exacte (variante proche)","Aucun","Tiktok","4","8","3,48","2","2"
"tiktok followers acheter","Mot clé exact (variante proche)","Aucun","Tiktok","2","2","1,36","0","0"
"boost view tiktok","Requête large","Exclu","Tiktok","0","1","0","0","0"
"acheter des abonnés tiktok avis","Expression exacte (variante proche)","Aucun","Tiktok","0","1","0","0","0"
"agence tiktok france","Expression exacte (variante proche)","Aucun","Tiktok","1","2","6,94","0","0"
"follower francais","Expression exacte (variante proche)","Aucun","Instagram","0","1","0","0","0"
"meilleur site achat followers tiktok","Mot clé exact (variante proche)","Aucun","Tiktok","2","16","1,51","3","3"
"promouvoir tiktok gratuit","Expression exacte (variante proche)","Aucun","Tiktok","0","2","0","0","0"
"boost like tiktok","Requête large","Aucun","Tiktok","0","1","0","0","0"
"tiktok follower","Requête large","Aucun","Tiktok","0","4","0","0","0"
"followers tik","Mot clé exact (variante proche)","Aucun","Tiktok","0","1","0","0","0"
"buy tiktok followers","Expression exacte (variante proche)","Aucun","Tiktok","0","9","0","0","0"
"acheter followers insta","Mot clé exact (variante proche)","Aucun","Instagram","0","1","0","0","0"
